{"i79498946":{"url":"/assets/images/vector-1-stroke.svg","alt":""},"-56f7330e":{"url":"/assets/images/9v9a5835-removebg-2.PNG","alt":""},"24155fd4":{"url":"https://d3e54v103j8qbb.cloudfront.net/img/thumbs-up-72.cbcaec93bc.svg","alt":""},"-20982256":{"url":"https://d3e54v103j8qbb.cloudfront.net/img/email-72.67fa6be437.svg","alt":""},"4abef31c":{"url":"https://d3e54v103j8qbb.cloudfront.net/static/utility-lock.ae54711958.svg","alt":""},"848f8e":{"url":"/assets/images/big-group-people-nft.png","alt":""},"261f35da":{"url":"/assets/images/schermafbeelding-2023-04-24-om-17.27.12.png","alt":""},"-43b4c07d":{"url":"/assets/images/schermafbeelding-2023-04-24-om-17.21.48.png","alt":""},"1effcb04":{"url":"/assets/images/schermafbeelding-2023-04-24-om-17.22.17.png","alt":""},"-5ada31d3":{"url":"/assets/images/character-5.svg","alt":""},"-3ac07628":{"url":"/assets/images/scresnhot-orders.png","alt":""},"4ab44bc1":{"url":"/assets/images/screen-personal-information.png","alt":""},"4e9a0581":{"url":"/assets/images/schermafbeelding-2023-04-24-om-17.58.39.png","alt":""},"-769196e0":{"url":"/assets/images/schermafbeelding-2023-04-24-om-18.02.03.png","alt":""},"4f3198d3":{"url":"/assets/images/frame-1-1-min.jpg","alt":"Flow Library Asset 4"},"9d09176":{"url":"/assets/images/1200x861-removebg-preview.png","alt":""},"-34449051":{"url":"/assets/images/istockphoto-532251550-612x612-removebg-preview.png","alt":""},"70aab984":{"url":"/assets/images/holographic-3d-shape-16-min.png","alt":"Flow Library 404 Asset 3"},"30b4bdc0":{"url":"/assets/images/holographic-3d-shape-34-min.png","alt":"Flow Library 404 Asset 2"},"3956a658":{"url":"/assets/images/holographic-3d-shape-81-min.png","alt":"Flow Ninja Asset For 404 1 "}}