{"23":"#","2f":"/","4b0d5213":"/sign-up/","26a3aa92":"/log-in/","-16d8c219":"/reset-password/","2e5f69fd":"https://ernesto.lol?msopen=/member/sign_in","-a68338":"#orders","-45e60e2d":"mailto:problem.points@ernesto.lol?subject=I%20have%20a%20problem%20with%20my%20points","-7d1df628":"https://gls-group.eu/BE/vl/pakket-volgen?match=38615000112047","-6cfd9b28":"/assets/documents/factuur-fct-82-hans-mortelmans-1499-eur.pdf","1a46180c":"/assets/documents/factuur-fct-81-hans-mortelmans-64.99-EUR.pdf","7735888e":"/assets/documents/factuur_inv_2023_00076.pdf","14e15f11":"#First-Name-3","3a0a64c5":"/assets/documents/terms-and-conditions-tasks-ernesto.lol.pdf","1e621892":"/assets/documents/presentatie-opening-bozar-23.docx","4b4da860":"/assets/documents/presentatie-opening-bozar-23.pdf","-17a89391":"mailto:ernesto.mortelmans@icloud.com","27e4d2a8":"mailto:comfilemon@gmail.com","-55395dae":"mailto:mgielen2309@gmail.com","-5278bb27":"mailto:tegha12@gmail.com","-65d565eb":"https://docs.google.com/document/d/1O-jjGyXo613pMeVhm79hSwxnN4zvEiFew4SNCCzTL3o/edit?usp=sharing_eil_m&invite=CMXDt48M&ts=652ec139","-123244e7":"https://docs.google.com/document/d/1O-jjGyXo613pMeVhm79hSwxnN4zvEiFew4SNCCzTL3o/edit?usp=sharing_eip_m&invite=CMXDt48M&ts=652ec139"}