{"574":", ","15346":"Wet","200778":"Chat","6924987":"terms","8449804":"Verification Required","10369992":"Er is een document met je gedeeld: ‘Presentatie opening Bozar 23‘","66134559":"Account verification required. Please check your email to find your unique verification link.","2268ff":"Home","-64104400":"Contact","ad4306a":"Ernesto","-5c91c8ef":"Ernesto Mortelmans, 14","-7804285f":"Log in","3ff5b7c":"Email","4c641ebb":"Password","7c95c01d":"Don't have an account?","-204ff822":"Sign Up","-4ccc12f5":"We're having trouble logging you in. Please try again, or contact us if you continue to have problems.","-3d3c5c82":"Account activated","-7498bb4e":"Your account was created successfully. You will be redirected shortly.","-7bf1dbc9":"If nothing happens, click here.","-204ff442":"Sign up","24eeab":"Name","4867e34d":"By creating an account, I agree to this website's ","329660ca":"privacy policy","1f0b149":" and ","4f204da5":"terms of service","-3db302e8":"I consent to receive marketing emails.","-76cf8d8b":"Already have an account?","-78042c3f":"Log In","-191558ad":"There was an error signing you up. Please try again, or contact us if you continue to have problems.","6bfe9c32":"Password Reset Email Sent","-13a89bf":"If we found an account associated with that email address, we've sent a link to reset your password.","2bfd368c":"Reset Password","-7c28e64b":"There was an error resetting your password. Please try again, or contact us if you continue to have problems.","-16704faa":"Password updated","5284c470":"Your password was updated successfully. You were automatically logged in and can continue your session.","-27857705":"Go to Homepage","69ed5012":"Update Password","-2d35ed29":"Please enter your new password in the field below. Make sure you are not using your current password.","79707d5b":"New Password","-2da7dae4":"There was an error updating your password. Please try again, or contact us if you continue to have problems.","-2624ce29":"Access Denied","4617a544":"A site membership is required to view this page. Please ","103a7d":" or ","2e":".","-585ec447":"My Account","4f13dfe8":"Password settings","2822d26c":"Reset password","6d17ba0b":"Your account was updated successfully.","13527f80":"There was an error updating your account. Please try again, or contact us if you continue to have problems.","3c2336d":"About","48e972e":"Order","1d0c220d":"Account","2b2877c5":"Ernesto.lol","-34d9f1d2":"What can get done for you...","4468a3d9":"My account","-8569b53":"Get things done quickly","584a32bc":"Hallo Hans, ","-6e8a5ca4":"Welkom op je persoonlijke pagina","-e299bc4":"‍Every 10 points, are €1 discount. ","-7cd0576d":"Contact customer service","-274a4de3":"Order an item and save points.","45c6d890":"Order an item online and get discounts. ","-5f92aa43":"Order now!","36802f62":"Your last orders","-7bc31520":"Check out your last two orders","66cd88b2":"Bol.com","-a5160bf":"17/04/2023","5d0ac0e1":"1 point","-35ff1c31":"DOOP The Screamer 100ml","623f3787":"U kunt uw bestelling volgen via de onderstaande link. Als deze bestelling nog niet verzonden is, kunt u het nog niet volgen. ","-7d95c843":"Afgeleverd","-168d8435":"This is you","194a18c6":"Hans Mortelmans","-6500debc":"h_mortelmans@icloud.com","200d":"‍","34577d45":"Rue plantin 25, ","536bd94e":"1070 Anderlecht, ","-56684ac":"Brussel België","5f02fd91":"You pay per invoice","-4e9f54fa":"It can take up to 5 workdays for the status to change","-11265211":"previous invoices","-3ca2b686":"Check your previous invoices","25d6ec":"Paid","2cad6bf5":"Check invoice","-507d744c":"Reis Koffer","-1cb5304a":"Nothing here yet!","3ed89db7":"No other invoices found","3610230d":"Text Link","236a8693":"Mottenballen","6457a9a9":"Check social media","-364d0a89":"Get Started","4c6a2acb":"Can I do this for you?","-8c479dc":"Yes, this is what needs to be done...","458d4f31":"Ask me to do a task for you.","27a9a5":"Task","-3dcb651e":"How hard is the job?","ad9c929":"Easy <30min ","-47bff701":"Normal 60min","-22df988":"Hard 120min","-4c322641":"Extreme >3h","-4b73258e":"Which category does the job fall under?","-7d2a43e4":"Inside","214bcd85":"Outside","10d8b":"Dry","32f2d4bf":"Clean-up","-74a04031":"Document-scan","63a93053":"Pick up/drop off","48f8ef0":"Other","386ba67a":"I agree to ","-3983dd3f":"Your information is submitted succesfully!","68e451b2":"Something went wrong, check the validity of your information.","7c9faae0":"Frequently asked questions","-4269dae3":"How long does it take for an apporval?","-79a13e07":"I see the request and I see that it is registered. If I don't have time to start the job right away, I won't accept it right away. So it can take up to 2-3 months (depending on how big the job is)","-40d3b90c":"Can I contact someone?","-59c16a15":"Of course! You can always send an email to support@ernesto.lol","-42917df0":"Can I pay in cash?","47ecf587":"It depends on. You can reply to the email with the invoice asking if you can pay in cash. This must then be approved.","330f45e5":"Do I get a mail when my request is approved?","2e6ecd61":"Yes. If I have time to get the job done, I will email you right away with all the necessary information you need to know and any necessary questions I need to ask before I can start.","45361c6a":"The job is finished, but how do I pay?","bcc376d":"An invoice and/or a payment link will automatically be sent to you. Make sure you pay this on time to avoid extra costs!","70c69eb7":"Can I get a refund?","-722048c1":"We are currently working on a page where you can request a refund. Currently you have to send a message to problem@ernesto.lol (english), or probleem@ernesto.lol (dutch) with the invoice, and the problem why you want to request a refund. If the job is not done and you have paid, you will automatically receive a refund within 7 working days, so wait if this is the case.","932ae9a":"Need Support?","-7939970c":"support@ernesto.lol","48f8fd54":"Uw aanvraag #OK17/0489","565fa9d6":"Download uw bestanden","-3b9b8047":"Bestand: ","-6b398361":"‘Presentatie opening Bozar 23‘","201a40":"DOCX","134d2":"PDF","-7bc11118":"Jij - ","-ac7a347":"Fwd: Er is een document met je gedeeld: ‘Presentatie opening Bozar 23‘","17a0b375":"graag af te handelen aub Ernesto Mortelmans","5a565b77":"ernesto.mortelmans@icloud.com","-52378f7a":"Begin forwarded message:","40fedb0":"From:","-763195df":" \"Rachel Hansoul (via Google Documenten)\" <","-488ca560":"comfilemon@gmail.com","3e":">","3ec162c":"Date:","-5aed14ed":" 17 October 2023 at 19:15:39 CEST","148ff":"To:","107ba":"Cc:","d09195a":"mgielen2309@gmail.com","1b6e7fe1":"tegha12@gmail.com","-77854b52":"Subject:","5d866b7c":"Reply-To:","-68198b21":" Rachel Hansoul <","-6b901e22":"﻿Rachel Hansoul heeft een document gedeeldRachel Hansoul (","-1856b180":") heeft je uitgenodigd het volgende document te ","73ddf673":"bewerken","-4510dea0":":Hierbij de tekst!","183aea81":"Presentatie opening Bozar 23","-6abbc389":"Deze e-mail geeft zonder inloggen toegang tot dit item. Stuur deze e-mail alleen door naar mensen die je vertrouwt.","-72d74b6d":"Openen","-48e5e6d9":"Google LLC, 1600 Amphitheatre Parkway, Mountain View, CA 94043, USA","2a7eeab4":"Je ontvangt deze e-mail omdat ","9e9bfec":" een document met je heeft gedeeld vanuit Google Documenten.","61031a08":"Wij - Uw Aanvraag OK17/0489 werd afgehandeld!","-6ab8e9ff":"We hebben uw aanvraag nagekeken en hebben gedaan wat u van ons verwachtte. Dit in 17u en 7min! U kunt uw aanvraag online bekijken. Als er iets niet duidelijk is, dan kunt u ons opnieuw bereiken via onze support e-mail adressen. U kunt deze verzenden naar ernesto.monster, of naar aanvragin.site. ","-755c08ef":"Name: ","74ad057a":"Ernesto Mortelmans","bb1fda5":"E-mail: ","4d116ed":"Time:","39725cdd":" 20:23","7996af74":"Date: ","23c17806":"17/10/2023","-5006bffb":"support@ernesto.monster"}